000012.jpg,000012.txt
000017.jpg,000017.txt
000023.jpg,000023.txt
000026.jpg,000026.txt
000032.jpg,000032.txt
000033.jpg,000033.txt
000034.jpg,000034.txt
000035.jpg,000035.txt
000036.jpg,000036.txt
000042.jpg,000042.txt
000044.jpg,000044.txt
000047.jpg,000047.txt
000048.jpg,000048.txt
000061.jpg,000061.txt
000064.jpg,000064.txt
000066.jpg,000066.txt
000073.jpg,000073.txt
000077.jpg,000077.txt
000078.jpg,000078.txt
000083.jpg,000083.txt
000089.jpg,000089.txt
000091.jpg,000091.txt
000104.jpg,000104.txt
000112.jpg,000112.txt
000122.jpg,000122.txt
000129.jpg,000129.txt
000133.jpg,000133.txt
000134.jpg,000134.txt
000138.jpg,000138.txt
000140.jpg,000140.txt
000141.jpg,000141.txt
000147.jpg,000147.txt
000153.jpg,000153.txt
000154.jpg,000154.txt
000159.jpg,000159.txt
000161.jpg,000161.txt
000162.jpg,000162.txt
000163.jpg,000163.txt
000164.jpg,000164.txt
000171.jpg,000171.txt
000173.jpg,000173.txt
000174.jpg,000174.txt
000187.jpg,000187.txt
000189.jpg,000189.txt
000192.jpg,000192.txt
000193.jpg,000193.txt
000194.jpg,000194.txt
000198.jpg,000198.txt
000200.jpg,000200.txt
000207.jpg,000207.txt
000209.jpg,000209.txt
000219.jpg,000219.txt
000220.jpg,000220.txt
000222.jpg,000222.txt
000225.jpg,000225.txt
000228.jpg,000228.txt
000235.jpg,000235.txt
000242.jpg,000242.txt
000250.jpg,000250.txt
000256.jpg,000256.txt
000259.jpg,000259.txt
000262.jpg,000262.txt
000263.jpg,000263.txt
000276.jpg,000276.txt
000278.jpg,000278.txt
000282.jpg,000282.txt
000288.jpg,000288.txt
000294.jpg,000294.txt
000296.jpg,000296.txt
000306.jpg,000306.txt
000307.jpg,000307.txt
000311.jpg,000311.txt
000312.jpg,000312.txt
000317.jpg,000317.txt
000320.jpg,000320.txt
000325.jpg,000325.txt
000331.jpg,000331.txt
000334.jpg,000334.txt
000337.jpg,000337.txt
000344.jpg,000344.txt
000347.jpg,000347.txt
000349.jpg,000349.txt
000355.jpg,000355.txt
000359.jpg,000359.txt
000367.jpg,000367.txt
000370.jpg,000370.txt
000372.jpg,000372.txt
000379.jpg,000379.txt
000382.jpg,000382.txt
000387.jpg,000387.txt
000391.jpg,000391.txt
000394.jpg,000394.txt
000395.jpg,000395.txt
000400.jpg,000400.txt
000404.jpg,000404.txt
000406.jpg,000406.txt
000407.jpg,000407.txt
000411.jpg,000411.txt
000416.jpg,000416.txt
000430.jpg,000430.txt
000431.jpg,000431.txt
000438.jpg,000438.txt
000446.jpg,000446.txt
000450.jpg,000450.txt
000454.jpg,000454.txt
000463.jpg,000463.txt
000468.jpg,000468.txt
000469.jpg,000469.txt
000470.jpg,000470.txt
000474.jpg,000474.txt
000476.jpg,000476.txt
000477.jpg,000477.txt
000484.jpg,000484.txt
000489.jpg,000489.txt
000496.jpg,000496.txt
000503.jpg,000503.txt
000508.jpg,000508.txt
000516.jpg,000516.txt
000518.jpg,000518.txt
000519.jpg,000519.txt
000522.jpg,000522.txt
000524.jpg,000524.txt
000525.jpg,000525.txt
000526.jpg,000526.txt
000528.jpg,000528.txt
000535.jpg,000535.txt
000537.jpg,000537.txt
000541.jpg,000541.txt
000544.jpg,000544.txt
000549.jpg,000549.txt
000550.jpg,000550.txt
000552.jpg,000552.txt
000554.jpg,000554.txt
000555.jpg,000555.txt
000559.jpg,000559.txt
000565.jpg,000565.txt
000577.jpg,000577.txt
000583.jpg,000583.txt
000589.jpg,000589.txt
000590.jpg,000590.txt
000592.jpg,000592.txt
000597.jpg,000597.txt
000605.jpg,000605.txt
000609.jpg,000609.txt
000612.jpg,000612.txt
000620.jpg,000620.txt
000622.jpg,000622.txt
000625.jpg,000625.txt
000632.jpg,000632.txt
000633.jpg,000633.txt
000635.jpg,000635.txt
000648.jpg,000648.txt
000654.jpg,000654.txt
000657.jpg,000657.txt
000671.jpg,000671.txt
000672.jpg,000672.txt
000680.jpg,000680.txt
000685.jpg,000685.txt
000688.jpg,000688.txt
000689.jpg,000689.txt
000695.jpg,000695.txt
000699.jpg,000699.txt
000700.jpg,000700.txt
000709.jpg,000709.txt
000710.jpg,000710.txt
000711.jpg,000711.txt
000726.jpg,000726.txt
000729.jpg,000729.txt
000731.jpg,000731.txt
000733.jpg,000733.txt
000739.jpg,000739.txt
000740.jpg,000740.txt
000753.jpg,000753.txt
000754.jpg,000754.txt
000761.jpg,000761.txt
000764.jpg,000764.txt
000767.jpg,000767.txt
000768.jpg,000768.txt
000770.jpg,000770.txt
000774.jpg,000774.txt
000793.jpg,000793.txt
000796.jpg,000796.txt
000804.jpg,000804.txt
000805.jpg,000805.txt
000810.jpg,000810.txt
000812.jpg,000812.txt
000818.jpg,000818.txt
000820.jpg,000820.txt
000822.jpg,000822.txt
000823.jpg,000823.txt
000827.jpg,000827.txt
000828.jpg,000828.txt
000829.jpg,000829.txt
000830.jpg,000830.txt
000845.jpg,000845.txt
000849.jpg,000849.txt
000850.jpg,000850.txt
000851.jpg,000851.txt
000859.jpg,000859.txt
000860.jpg,000860.txt
000865.jpg,000865.txt
000867.jpg,000867.txt
000871.jpg,000871.txt
000887.jpg,000887.txt
000888.jpg,000888.txt
000889.jpg,000889.txt
000892.jpg,000892.txt
000898.jpg,000898.txt
000899.jpg,000899.txt
000900.jpg,000900.txt
000902.jpg,000902.txt
000904.jpg,000904.txt
000906.jpg,000906.txt
000908.jpg,000908.txt
000912.jpg,000912.txt
000915.jpg,000915.txt
000919.jpg,000919.txt
000929.jpg,000929.txt
000936.jpg,000936.txt
000943.jpg,000943.txt
000950.jpg,000950.txt
000951.jpg,000951.txt
000954.jpg,000954.txt
000958.jpg,000958.txt
000962.jpg,000962.txt
000964.jpg,000964.txt
000965.jpg,000965.txt
000966.jpg,000966.txt
000967.jpg,000967.txt
000977.jpg,000977.txt
000980.jpg,000980.txt
000987.jpg,000987.txt
000989.jpg,000989.txt
000991.jpg,000991.txt
000993.jpg,000993.txt
000996.jpg,000996.txt
000997.jpg,000997.txt
000999.jpg,000999.txt
001001.jpg,001001.txt
001002.jpg,001002.txt
001008.jpg,001008.txt
001010.jpg,001010.txt
001011.jpg,001011.txt
001014.jpg,001014.txt
001015.jpg,001015.txt
001024.jpg,001024.txt
001036.jpg,001036.txt
001043.jpg,001043.txt
001050.jpg,001050.txt
001057.jpg,001057.txt
001060.jpg,001060.txt
001064.jpg,001064.txt
001068.jpg,001068.txt
001071.jpg,001071.txt
001073.jpg,001073.txt
001077.jpg,001077.txt
001078.jpg,001078.txt
001079.jpg,001079.txt
001082.jpg,001082.txt
001101.jpg,001101.txt
001106.jpg,001106.txt
001112.jpg,001112.txt
001113.jpg,001113.txt
001119.jpg,001119.txt
001127.jpg,001127.txt
001129.jpg,001129.txt
001130.jpg,001130.txt
001140.jpg,001140.txt
001147.jpg,001147.txt
001151.jpg,001151.txt
001152.jpg,001152.txt
001156.jpg,001156.txt
001158.jpg,001158.txt
001168.jpg,001168.txt
001171.jpg,001171.txt
001172.jpg,001172.txt
001174.jpg,001174.txt
001182.jpg,001182.txt
001191.jpg,001191.txt
001194.jpg,001194.txt
001204.jpg,001204.txt
001205.jpg,001205.txt
001207.jpg,001207.txt
001209.jpg,001209.txt
001212.jpg,001212.txt
001214.jpg,001214.txt
001226.jpg,001226.txt
001229.jpg,001229.txt
001230.jpg,001230.txt
001234.jpg,001234.txt
001237.jpg,001237.txt
001239.jpg,001239.txt
001240.jpg,001240.txt
001248.jpg,001248.txt
001258.jpg,001258.txt
001263.jpg,001263.txt
001268.jpg,001268.txt
001269.jpg,001269.txt
001270.jpg,001270.txt
001273.jpg,001273.txt
001279.jpg,001279.txt
001287.jpg,001287.txt
001294.jpg,001294.txt
001299.jpg,001299.txt
001304.jpg,001304.txt
001309.jpg,001309.txt
001312.jpg,001312.txt
001314.jpg,001314.txt
001315.jpg,001315.txt
001323.jpg,001323.txt
001325.jpg,001325.txt
001326.jpg,001326.txt
001327.jpg,001327.txt
001332.jpg,001332.txt
001333.jpg,001333.txt
001334.jpg,001334.txt
001345.jpg,001345.txt
001346.jpg,001346.txt
001348.jpg,001348.txt
001364.jpg,001364.txt
001365.jpg,001365.txt
001378.jpg,001378.txt
001384.jpg,001384.txt
001385.jpg,001385.txt
001388.jpg,001388.txt
001390.jpg,001390.txt
001393.jpg,001393.txt
001395.jpg,001395.txt
001402.jpg,001402.txt
001404.jpg,001404.txt
001405.jpg,001405.txt
001406.jpg,001406.txt
001408.jpg,001408.txt
001409.jpg,001409.txt
001414.jpg,001414.txt
001418.jpg,001418.txt
001420.jpg,001420.txt
001421.jpg,001421.txt
001426.jpg,001426.txt
001427.jpg,001427.txt
001434.jpg,001434.txt
001436.jpg,001436.txt
001442.jpg,001442.txt
001450.jpg,001450.txt
001451.jpg,001451.txt
001453.jpg,001453.txt
001455.jpg,001455.txt
001457.jpg,001457.txt
001468.jpg,001468.txt
001470.jpg,001470.txt
001479.jpg,001479.txt
001480.jpg,001480.txt
001483.jpg,001483.txt
001485.jpg,001485.txt
001486.jpg,001486.txt
001488.jpg,001488.txt
001492.jpg,001492.txt
001494.jpg,001494.txt
001498.jpg,001498.txt
001499.jpg,001499.txt
001501.jpg,001501.txt
001504.jpg,001504.txt
001512.jpg,001512.txt
001515.jpg,001515.txt
001517.jpg,001517.txt
001521.jpg,001521.txt
001524.jpg,001524.txt
001526.jpg,001526.txt
001528.jpg,001528.txt
001529.jpg,001529.txt
001532.jpg,001532.txt
001539.jpg,001539.txt
001548.jpg,001548.txt
001555.jpg,001555.txt
001556.jpg,001556.txt
001557.jpg,001557.txt
001559.jpg,001559.txt
001563.jpg,001563.txt
001576.jpg,001576.txt
001579.jpg,001579.txt
001580.jpg,001580.txt
001586.jpg,001586.txt
001590.jpg,001590.txt
001593.jpg,001593.txt
001594.jpg,001594.txt
001597.jpg,001597.txt
001604.jpg,001604.txt
001607.jpg,001607.txt
001610.jpg,001610.txt
001611.jpg,001611.txt
001612.jpg,001612.txt
001622.jpg,001622.txt
001627.jpg,001627.txt
001630.jpg,001630.txt
001633.jpg,001633.txt
001636.jpg,001636.txt
001643.jpg,001643.txt
001649.jpg,001649.txt
001650.jpg,001650.txt
001651.jpg,001651.txt
001654.jpg,001654.txt
001661.jpg,001661.txt
001662.jpg,001662.txt
001669.jpg,001669.txt
001673.jpg,001673.txt
001676.jpg,001676.txt
001680.jpg,001680.txt
001683.jpg,001683.txt
001684.jpg,001684.txt
001688.jpg,001688.txt
001690.jpg,001690.txt
001699.jpg,001699.txt
001707.jpg,001707.txt
001708.jpg,001708.txt
001711.jpg,001711.txt
001713.jpg,001713.txt
001714.jpg,001714.txt
001717.jpg,001717.txt
001721.jpg,001721.txt
001723.jpg,001723.txt
001729.jpg,001729.txt
001732.jpg,001732.txt
001733.jpg,001733.txt
001734.jpg,001734.txt
001738.jpg,001738.txt
001739.jpg,001739.txt
001741.jpg,001741.txt
001750.jpg,001750.txt
001752.jpg,001752.txt
001754.jpg,001754.txt
001758.jpg,001758.txt
001759.jpg,001759.txt
001761.jpg,001761.txt
001765.jpg,001765.txt
001766.jpg,001766.txt
001768.jpg,001768.txt
001777.jpg,001777.txt
001780.jpg,001780.txt
001787.jpg,001787.txt
001789.jpg,001789.txt
001800.jpg,001800.txt
001806.jpg,001806.txt
001809.jpg,001809.txt
001810.jpg,001810.txt
001821.jpg,001821.txt
001825.jpg,001825.txt
001828.jpg,001828.txt
001832.jpg,001832.txt
001834.jpg,001834.txt
001836.jpg,001836.txt
001840.jpg,001840.txt
001841.jpg,001841.txt
001843.jpg,001843.txt
001845.jpg,001845.txt
001853.jpg,001853.txt
001854.jpg,001854.txt
001858.jpg,001858.txt
001861.jpg,001861.txt
001864.jpg,001864.txt
001870.jpg,001870.txt
001881.jpg,001881.txt
001892.jpg,001892.txt
001894.jpg,001894.txt
001896.jpg,001896.txt
001898.jpg,001898.txt
001902.jpg,001902.txt
001903.jpg,001903.txt
001904.jpg,001904.txt
001906.jpg,001906.txt
001915.jpg,001915.txt
001922.jpg,001922.txt
001928.jpg,001928.txt
001930.jpg,001930.txt
001937.jpg,001937.txt
001938.jpg,001938.txt
001941.jpg,001941.txt
001945.jpg,001945.txt
001950.jpg,001950.txt
001952.jpg,001952.txt
001954.jpg,001954.txt
001960.jpg,001960.txt
001963.jpg,001963.txt
001971.jpg,001971.txt
001977.jpg,001977.txt
001978.jpg,001978.txt
001980.jpg,001980.txt
001981.jpg,001981.txt
001985.jpg,001985.txt
001989.jpg,001989.txt
001995.jpg,001995.txt
001999.jpg,001999.txt
002001.jpg,002001.txt
002002.jpg,002002.txt
002004.jpg,002004.txt
002006.jpg,002006.txt
002012.jpg,002012.txt
002015.jpg,002015.txt
002020.jpg,002020.txt
002025.jpg,002025.txt
002027.jpg,002027.txt
002034.jpg,002034.txt
002037.jpg,002037.txt
002039.jpg,002039.txt
002042.jpg,002042.txt
002043.jpg,002043.txt
002047.jpg,002047.txt
002049.jpg,002049.txt
002051.jpg,002051.txt
002055.jpg,002055.txt
002056.jpg,002056.txt
002061.jpg,002061.txt
002068.jpg,002068.txt
002069.jpg,002069.txt
002095.jpg,002095.txt
002096.jpg,002096.txt
002104.jpg,002104.txt
002108.jpg,002108.txt
002116.jpg,002116.txt
002117.jpg,002117.txt
002120.jpg,002120.txt
002126.jpg,002126.txt
002132.jpg,002132.txt
002134.jpg,002134.txt
002139.jpg,002139.txt
002151.jpg,002151.txt
002153.jpg,002153.txt
002155.jpg,002155.txt
002156.jpg,002156.txt
002158.jpg,002158.txt
002166.jpg,002166.txt
002170.jpg,002170.txt
002172.jpg,002172.txt
002176.jpg,002176.txt
002178.jpg,002178.txt
002179.jpg,002179.txt
002180.jpg,002180.txt
002182.jpg,002182.txt
002186.jpg,002186.txt
002187.jpg,002187.txt
002191.jpg,002191.txt
002192.jpg,002192.txt
002193.jpg,002193.txt
002194.jpg,002194.txt
002196.jpg,002196.txt
002197.jpg,002197.txt
002199.jpg,002199.txt
002208.jpg,002208.txt
002212.jpg,002212.txt
002215.jpg,002215.txt
002219.jpg,002219.txt
002221.jpg,002221.txt
002224.jpg,002224.txt
002234.jpg,002234.txt
002237.jpg,002237.txt
002238.jpg,002238.txt
002241.jpg,002241.txt
002247.jpg,002247.txt
002249.jpg,002249.txt
002253.jpg,002253.txt
002255.jpg,002255.txt
002256.jpg,002256.txt
002260.jpg,002260.txt
002265.jpg,002265.txt
002277.jpg,002277.txt
002279.jpg,002279.txt
002280.jpg,002280.txt
002284.jpg,002284.txt
002287.jpg,002287.txt
002291.jpg,002291.txt
002293.jpg,002293.txt
002306.jpg,002306.txt
002307.jpg,002307.txt
002310.jpg,002310.txt
002311.jpg,002311.txt
002315.jpg,002315.txt
002318.jpg,002318.txt
002320.jpg,002320.txt
002321.jpg,002321.txt
002323.jpg,002323.txt
002334.jpg,002334.txt
002335.jpg,002335.txt
002342.jpg,002342.txt
002347.jpg,002347.txt
002350.jpg,002350.txt
002354.jpg,002354.txt
002355.jpg,002355.txt
002359.jpg,002359.txt
002362.jpg,002362.txt
002368.jpg,002368.txt
002373.jpg,002373.txt
002384.jpg,002384.txt
002392.jpg,002392.txt
002401.jpg,002401.txt
002403.jpg,002403.txt
002405.jpg,002405.txt
002410.jpg,002410.txt
002411.jpg,002411.txt
002413.jpg,002413.txt
002419.jpg,002419.txt
002420.jpg,002420.txt
002423.jpg,002423.txt
002433.jpg,002433.txt
002436.jpg,002436.txt
002439.jpg,002439.txt
002442.jpg,002442.txt
002443.jpg,002443.txt
002445.jpg,002445.txt
002448.jpg,002448.txt
002458.jpg,002458.txt
002461.jpg,002461.txt
002465.jpg,002465.txt
002466.jpg,002466.txt
002468.jpg,002468.txt
002471.jpg,002471.txt
002472.jpg,002472.txt
002478.jpg,002478.txt
002480.jpg,002480.txt
002481.jpg,002481.txt
002483.jpg,002483.txt
002490.jpg,002490.txt
002494.jpg,002494.txt
002496.jpg,002496.txt
002500.jpg,002500.txt
002501.jpg,002501.txt
002502.jpg,002502.txt
002512.jpg,002512.txt
002514.jpg,002514.txt
002518.jpg,002518.txt
002519.jpg,002519.txt
002533.jpg,002533.txt
002534.jpg,002534.txt
002539.jpg,002539.txt
002544.jpg,002544.txt
002545.jpg,002545.txt
002547.jpg,002547.txt
002554.jpg,002554.txt
002555.jpg,002555.txt
002558.jpg,002558.txt
002559.jpg,002559.txt
002564.jpg,002564.txt
002569.jpg,002569.txt
002571.jpg,002571.txt
002572.jpg,002572.txt
002579.jpg,002579.txt
002590.jpg,002590.txt
002594.jpg,002594.txt
002595.jpg,002595.txt
002599.jpg,002599.txt
002603.jpg,002603.txt
002609.jpg,002609.txt
002611.jpg,002611.txt
002625.jpg,002625.txt
002627.jpg,002627.txt
002634.jpg,002634.txt
002635.jpg,002635.txt
002645.jpg,002645.txt
002647.jpg,002647.txt
002648.jpg,002648.txt
002653.jpg,002653.txt
002662.jpg,002662.txt
002664.jpg,002664.txt
002666.jpg,002666.txt
002669.jpg,002669.txt
002680.jpg,002680.txt
002682.jpg,002682.txt
002683.jpg,002683.txt
002684.jpg,002684.txt
002691.jpg,002691.txt
002697.jpg,002697.txt
002702.jpg,002702.txt
002704.jpg,002704.txt
002710.jpg,002710.txt
002713.jpg,002713.txt
002715.jpg,002715.txt
002722.jpg,002722.txt
002730.jpg,002730.txt
002735.jpg,002735.txt
002737.jpg,002737.txt
002738.jpg,002738.txt
002744.jpg,002744.txt
002745.jpg,002745.txt
002749.jpg,002749.txt
002755.jpg,002755.txt
002757.jpg,002757.txt
002759.jpg,002759.txt
002763.jpg,002763.txt
002765.jpg,002765.txt
002766.jpg,002766.txt
002774.jpg,002774.txt
002778.jpg,002778.txt
002779.jpg,002779.txt
002782.jpg,002782.txt
002783.jpg,002783.txt
002791.jpg,002791.txt
002795.jpg,002795.txt
002796.jpg,002796.txt
002801.jpg,002801.txt
002804.jpg,002804.txt
002807.jpg,002807.txt
002816.jpg,002816.txt
002817.jpg,002817.txt
002820.jpg,002820.txt
002826.jpg,002826.txt
002834.jpg,002834.txt
002841.jpg,002841.txt
002844.jpg,002844.txt
002845.jpg,002845.txt
002848.jpg,002848.txt
002855.jpg,002855.txt
002858.jpg,002858.txt
002864.jpg,002864.txt
002866.jpg,002866.txt
002867.jpg,002867.txt
002868.jpg,002868.txt
002869.jpg,002869.txt
002870.jpg,002870.txt
002873.jpg,002873.txt
002881.jpg,002881.txt
002899.jpg,002899.txt
002906.jpg,002906.txt
002914.jpg,002914.txt
002919.jpg,002919.txt
002931.jpg,002931.txt
002934.jpg,002934.txt
002937.jpg,002937.txt
002939.jpg,002939.txt
002953.jpg,002953.txt
002956.jpg,002956.txt
002957.jpg,002957.txt
002958.jpg,002958.txt
002962.jpg,002962.txt
002969.jpg,002969.txt
002975.jpg,002975.txt
002976.jpg,002976.txt
002987.jpg,002987.txt
002988.jpg,002988.txt
002989.jpg,002989.txt
002990.jpg,002990.txt
002992.jpg,002992.txt
002995.jpg,002995.txt
003002.jpg,003002.txt
003003.jpg,003003.txt
003007.jpg,003007.txt
003011.jpg,003011.txt
003013.jpg,003013.txt
003024.jpg,003024.txt
003027.jpg,003027.txt
003034.jpg,003034.txt
003042.jpg,003042.txt
003047.jpg,003047.txt
003051.jpg,003051.txt
003053.jpg,003053.txt
003061.jpg,003061.txt
003063.jpg,003063.txt
003066.jpg,003066.txt
003074.jpg,003074.txt
003077.jpg,003077.txt
003083.jpg,003083.txt
003085.jpg,003085.txt
003088.jpg,003088.txt
003092.jpg,003092.txt
003100.jpg,003100.txt
003103.jpg,003103.txt
003105.jpg,003105.txt
003106.jpg,003106.txt
003107.jpg,003107.txt
003108.jpg,003108.txt
003110.jpg,003110.txt
003116.jpg,003116.txt
003122.jpg,003122.txt
003124.jpg,003124.txt
003133.jpg,003133.txt
003134.jpg,003134.txt
003135.jpg,003135.txt
003138.jpg,003138.txt
003140.jpg,003140.txt
003145.jpg,003145.txt
003146.jpg,003146.txt
003147.jpg,003147.txt
003149.jpg,003149.txt
003150.jpg,003150.txt
003155.jpg,003155.txt
003157.jpg,003157.txt
003159.jpg,003159.txt
003161.jpg,003161.txt
003163.jpg,003163.txt
003165.jpg,003165.txt
003169.jpg,003169.txt
003175.jpg,003175.txt
003181.jpg,003181.txt
003183.jpg,003183.txt
003184.jpg,003184.txt
003185.jpg,003185.txt
003188.jpg,003188.txt
003202.jpg,003202.txt
003204.jpg,003204.txt
003205.jpg,003205.txt
003211.jpg,003211.txt
003214.jpg,003214.txt
003229.jpg,003229.txt
003231.jpg,003231.txt
003233.jpg,003233.txt
003236.jpg,003236.txt
003240.jpg,003240.txt
003242.jpg,003242.txt
003244.jpg,003244.txt
003247.jpg,003247.txt
003253.jpg,003253.txt
003254.jpg,003254.txt
003259.jpg,003259.txt
003260.jpg,003260.txt
003261.jpg,003261.txt
003269.jpg,003269.txt
003270.jpg,003270.txt
003273.jpg,003273.txt
003279.jpg,003279.txt
003280.jpg,003280.txt
003282.jpg,003282.txt
003284.jpg,003284.txt
003290.jpg,003290.txt
003292.jpg,003292.txt
003303.jpg,003303.txt
003308.jpg,003308.txt
003320.jpg,003320.txt
003330.jpg,003330.txt
003331.jpg,003331.txt
003336.jpg,003336.txt
003337.jpg,003337.txt
003338.jpg,003338.txt
003339.jpg,003339.txt
003343.jpg,003343.txt
003349.jpg,003349.txt
003350.jpg,003350.txt
003354.jpg,003354.txt
003355.jpg,003355.txt
003356.jpg,003356.txt
003359.jpg,003359.txt
003363.jpg,003363.txt
003365.jpg,003365.txt
003367.jpg,003367.txt
003369.jpg,003369.txt
003373.jpg,003373.txt
003374.jpg,003374.txt
003379.jpg,003379.txt
003380.jpg,003380.txt
003382.jpg,003382.txt
003392.jpg,003392.txt
003395.jpg,003395.txt
003396.jpg,003396.txt
003401.jpg,003401.txt
003406.jpg,003406.txt
003408.jpg,003408.txt
003412.jpg,003412.txt
003413.jpg,003413.txt
003416.jpg,003416.txt
003417.jpg,003417.txt
003420.jpg,003420.txt
003421.jpg,003421.txt
003424.jpg,003424.txt
003430.jpg,003430.txt
003433.jpg,003433.txt
003436.jpg,003436.txt
003439.jpg,003439.txt
003441.jpg,003441.txt
003450.jpg,003450.txt
003452.jpg,003452.txt
003466.jpg,003466.txt
003477.jpg,003477.txt
003484.jpg,003484.txt
003487.jpg,003487.txt
003489.jpg,003489.txt
003491.jpg,003491.txt
003493.jpg,003493.txt
003496.jpg,003496.txt
003497.jpg,003497.txt
003499.jpg,003499.txt
003500.jpg,003500.txt
003506.jpg,003506.txt
003508.jpg,003508.txt
003509.jpg,003509.txt
003510.jpg,003510.txt
003511.jpg,003511.txt
003522.jpg,003522.txt
003524.jpg,003524.txt
003525.jpg,003525.txt
003529.jpg,003529.txt
003539.jpg,003539.txt
003548.jpg,003548.txt
003549.jpg,003549.txt
003550.jpg,003550.txt
003551.jpg,003551.txt
003555.jpg,003555.txt
003564.jpg,003564.txt
003565.jpg,003565.txt
003575.jpg,003575.txt
003576.jpg,003576.txt
003577.jpg,003577.txt
003585.jpg,003585.txt
003586.jpg,003586.txt
003588.jpg,003588.txt
003596.jpg,003596.txt
003599.jpg,003599.txt
003603.jpg,003603.txt
003604.jpg,003604.txt
003605.jpg,003605.txt
003608.jpg,003608.txt
003609.jpg,003609.txt
003614.jpg,003614.txt
003621.jpg,003621.txt
003622.jpg,003622.txt
003625.jpg,003625.txt
003627.jpg,003627.txt
003628.jpg,003628.txt
003629.jpg,003629.txt
003634.jpg,003634.txt
003635.jpg,003635.txt
003642.jpg,003642.txt
003644.jpg,003644.txt
003645.jpg,003645.txt
003646.jpg,003646.txt
003656.jpg,003656.txt
003658.jpg,003658.txt
003662.jpg,003662.txt
003663.jpg,003663.txt
003664.jpg,003664.txt
003671.jpg,003671.txt
003678.jpg,003678.txt
003679.jpg,003679.txt
003681.jpg,003681.txt
003688.jpg,003688.txt
003694.jpg,003694.txt
003695.jpg,003695.txt
003698.jpg,003698.txt
003699.jpg,003699.txt
003700.jpg,003700.txt
003704.jpg,003704.txt
003705.jpg,003705.txt
003713.jpg,003713.txt
003714.jpg,003714.txt
003732.jpg,003732.txt
003735.jpg,003735.txt
003740.jpg,003740.txt
003743.jpg,003743.txt
003748.jpg,003748.txt
003749.jpg,003749.txt
003751.jpg,003751.txt
003752.jpg,003752.txt
003758.jpg,003758.txt
003759.jpg,003759.txt
003763.jpg,003763.txt
003767.jpg,003767.txt
003773.jpg,003773.txt
003779.jpg,003779.txt
003781.jpg,003781.txt
003784.jpg,003784.txt
003786.jpg,003786.txt
003788.jpg,003788.txt
003790.jpg,003790.txt
003792.jpg,003792.txt
003797.jpg,003797.txt
003806.jpg,003806.txt
003807.jpg,003807.txt
003811.jpg,003811.txt
003817.jpg,003817.txt
003818.jpg,003818.txt
003824.jpg,003824.txt
003827.jpg,003827.txt
003828.jpg,003828.txt
003830.jpg,003830.txt
003834.jpg,003834.txt
003835.jpg,003835.txt
003847.jpg,003847.txt
003849.jpg,003849.txt
003856.jpg,003856.txt
003859.jpg,003859.txt
003860.jpg,003860.txt
003861.jpg,003861.txt
003865.jpg,003865.txt
003866.jpg,003866.txt
003874.jpg,003874.txt
003879.jpg,003879.txt
003887.jpg,003887.txt
003889.jpg,003889.txt
003890.jpg,003890.txt
003898.jpg,003898.txt
003899.jpg,003899.txt
003907.jpg,003907.txt
003912.jpg,003912.txt
003913.jpg,003913.txt
003921.jpg,003921.txt
003932.jpg,003932.txt
003935.jpg,003935.txt
003936.jpg,003936.txt
003939.jpg,003939.txt
003945.jpg,003945.txt
003949.jpg,003949.txt
003953.jpg,003953.txt
003956.jpg,003956.txt
003961.jpg,003961.txt
003969.jpg,003969.txt
003970.jpg,003970.txt
003971.jpg,003971.txt
003974.jpg,003974.txt
003983.jpg,003983.txt
003987.jpg,003987.txt
003988.jpg,003988.txt
003991.jpg,003991.txt
003993.jpg,003993.txt
003997.jpg,003997.txt
003998.jpg,003998.txt
004005.jpg,004005.txt
004008.jpg,004008.txt
004009.jpg,004009.txt
004012.jpg,004012.txt
004013.jpg,004013.txt
004014.jpg,004014.txt
004016.jpg,004016.txt
004017.jpg,004017.txt
004019.jpg,004019.txt
004023.jpg,004023.txt
004028.jpg,004028.txt
004033.jpg,004033.txt
004034.jpg,004034.txt
004035.jpg,004035.txt
004037.jpg,004037.txt
004046.jpg,004046.txt
004052.jpg,004052.txt
004058.jpg,004058.txt
004067.jpg,004067.txt
004091.jpg,004091.txt
004092.jpg,004092.txt
004093.jpg,004093.txt
004095.jpg,004095.txt
004100.jpg,004100.txt
004106.jpg,004106.txt
004111.jpg,004111.txt
004120.jpg,004120.txt
004121.jpg,004121.txt
004129.jpg,004129.txt
004131.jpg,004131.txt
004133.jpg,004133.txt
004136.jpg,004136.txt
004137.jpg,004137.txt
004138.jpg,004138.txt
004140.jpg,004140.txt
004146.jpg,004146.txt
004149.jpg,004149.txt
004152.jpg,004152.txt
004158.jpg,004158.txt
004163.jpg,004163.txt
004164.jpg,004164.txt
004168.jpg,004168.txt
004169.jpg,004169.txt
004170.jpg,004170.txt
004171.jpg,004171.txt
004189.jpg,004189.txt
004190.jpg,004190.txt
004196.jpg,004196.txt
004200.jpg,004200.txt
004201.jpg,004201.txt
004209.jpg,004209.txt
004215.jpg,004215.txt
004220.jpg,004220.txt
004221.jpg,004221.txt
004223.jpg,004223.txt
004224.jpg,004224.txt
004228.jpg,004228.txt
004231.jpg,004231.txt
004232.jpg,004232.txt
004237.jpg,004237.txt
004241.jpg,004241.txt
004242.jpg,004242.txt
004244.jpg,004244.txt
004247.jpg,004247.txt
004253.jpg,004253.txt
004255.jpg,004255.txt
004256.jpg,004256.txt
004263.jpg,004263.txt
004269.jpg,004269.txt
004270.jpg,004270.txt
004271.jpg,004271.txt
004272.jpg,004272.txt
004273.jpg,004273.txt
004280.jpg,004280.txt
004281.jpg,004281.txt
004283.jpg,004283.txt
004287.jpg,004287.txt
004291.jpg,004291.txt
004292.jpg,004292.txt
004296.jpg,004296.txt
004300.jpg,004300.txt
004303.jpg,004303.txt
004307.jpg,004307.txt
004315.jpg,004315.txt
004318.jpg,004318.txt
004322.jpg,004322.txt
004325.jpg,004325.txt
004327.jpg,004327.txt
004333.jpg,004333.txt
004338.jpg,004338.txt
004339.jpg,004339.txt
004345.jpg,004345.txt
004347.jpg,004347.txt
004359.jpg,004359.txt
004360.jpg,004360.txt
004361.jpg,004361.txt
004365.jpg,004365.txt
004367.jpg,004367.txt
004370.jpg,004370.txt
004371.jpg,004371.txt
004372.jpg,004372.txt
004376.jpg,004376.txt
004379.jpg,004379.txt
004386.jpg,004386.txt
004387.jpg,004387.txt
004389.jpg,004389.txt
004391.jpg,004391.txt
004392.jpg,004392.txt
004404.jpg,004404.txt
004434.jpg,004434.txt
004436.jpg,004436.txt
004439.jpg,004439.txt
004441.jpg,004441.txt
004452.jpg,004452.txt
004470.jpg,004470.txt
004471.jpg,004471.txt
004479.jpg,004479.txt
004481.jpg,004481.txt
004484.jpg,004484.txt
004496.jpg,004496.txt
004500.jpg,004500.txt
004502.jpg,004502.txt
004508.jpg,004508.txt
004510.jpg,004510.txt
004514.jpg,004514.txt
004517.jpg,004517.txt
004519.jpg,004519.txt
004520.jpg,004520.txt
004524.jpg,004524.txt
004526.jpg,004526.txt
004537.jpg,004537.txt
004540.jpg,004540.txt
004544.jpg,004544.txt
004548.jpg,004548.txt
004549.jpg,004549.txt
004551.jpg,004551.txt
004553.jpg,004553.txt
004562.jpg,004562.txt
004563.jpg,004563.txt
004565.jpg,004565.txt
004566.jpg,004566.txt
004570.jpg,004570.txt
004571.jpg,004571.txt
004576.jpg,004576.txt
004579.jpg,004579.txt
004584.jpg,004584.txt
004587.jpg,004587.txt
004591.jpg,004591.txt
004595.jpg,004595.txt
004597.jpg,004597.txt
004604.jpg,004604.txt
004605.jpg,004605.txt
004607.jpg,004607.txt
004611.jpg,004611.txt
004612.jpg,004612.txt
004622.jpg,004622.txt
004623.jpg,004623.txt
004625.jpg,004625.txt
004627.jpg,004627.txt
004628.jpg,004628.txt
004631.jpg,004631.txt
004634.jpg,004634.txt
004636.jpg,004636.txt
004643.jpg,004643.txt
004644.jpg,004644.txt
004648.jpg,004648.txt
004651.jpg,004651.txt
004656.jpg,004656.txt
004671.jpg,004671.txt
004675.jpg,004675.txt
004679.jpg,004679.txt
004683.jpg,004683.txt
004685.jpg,004685.txt
004686.jpg,004686.txt
004687.jpg,004687.txt
004691.jpg,004691.txt
004693.jpg,004693.txt
004694.jpg,004694.txt
004701.jpg,004701.txt
004702.jpg,004702.txt
004705.jpg,004705.txt
004706.jpg,004706.txt
004710.jpg,004710.txt
004714.jpg,004714.txt
004715.jpg,004715.txt
004718.jpg,004718.txt
004723.jpg,004723.txt
004735.jpg,004735.txt
004737.jpg,004737.txt
004742.jpg,004742.txt
004743.jpg,004743.txt
004747.jpg,004747.txt
004748.jpg,004748.txt
004753.jpg,004753.txt
004754.jpg,004754.txt
004760.jpg,004760.txt
004773.jpg,004773.txt
004776.jpg,004776.txt
004779.jpg,004779.txt
004782.jpg,004782.txt
004783.jpg,004783.txt
004790.jpg,004790.txt
004792.jpg,004792.txt
004793.jpg,004793.txt
004794.jpg,004794.txt
004797.jpg,004797.txt
004799.jpg,004799.txt
004801.jpg,004801.txt
004808.jpg,004808.txt
004815.jpg,004815.txt
004823.jpg,004823.txt
004828.jpg,004828.txt
004830.jpg,004830.txt
004832.jpg,004832.txt
004836.jpg,004836.txt
004837.jpg,004837.txt
004841.jpg,004841.txt
004842.jpg,004842.txt
004846.jpg,004846.txt
004848.jpg,004848.txt
004849.jpg,004849.txt
004857.jpg,004857.txt
004869.jpg,004869.txt
004873.jpg,004873.txt
004876.jpg,004876.txt
004879.jpg,004879.txt
004882.jpg,004882.txt
004885.jpg,004885.txt
004897.jpg,004897.txt
004898.jpg,004898.txt
004902.jpg,004902.txt
004905.jpg,004905.txt
004907.jpg,004907.txt
004910.jpg,004910.txt
004911.jpg,004911.txt
004913.jpg,004913.txt
004929.jpg,004929.txt
004946.jpg,004946.txt
004951.jpg,004951.txt
004955.jpg,004955.txt
004958.jpg,004958.txt
004961.jpg,004961.txt
004962.jpg,004962.txt
004966.jpg,004966.txt
004968.jpg,004968.txt
004972.jpg,004972.txt
004973.jpg,004973.txt
004974.jpg,004974.txt
004976.jpg,004976.txt
004984.jpg,004984.txt
004987.jpg,004987.txt
004990.jpg,004990.txt
004991.jpg,004991.txt
004992.jpg,004992.txt
004995.jpg,004995.txt
005001.jpg,005001.txt
005004.jpg,005004.txt
005006.jpg,005006.txt
005007.jpg,005007.txt
005016.jpg,005016.txt
005018.jpg,005018.txt
005020.jpg,005020.txt
005023.jpg,005023.txt
005024.jpg,005024.txt
005026.jpg,005026.txt
005027.jpg,005027.txt
005029.jpg,005029.txt
005032.jpg,005032.txt
005033.jpg,005033.txt
005045.jpg,005045.txt
005047.jpg,005047.txt
005052.jpg,005052.txt
005057.jpg,005057.txt
005058.jpg,005058.txt
005061.jpg,005061.txt
005065.jpg,005065.txt
005068.jpg,005068.txt
005071.jpg,005071.txt
005073.jpg,005073.txt
005078.jpg,005078.txt
005084.jpg,005084.txt
005086.jpg,005086.txt
005090.jpg,005090.txt
005093.jpg,005093.txt
005094.jpg,005094.txt
005097.jpg,005097.txt
005101.jpg,005101.txt
005107.jpg,005107.txt
005108.jpg,005108.txt
005114.jpg,005114.txt
005121.jpg,005121.txt
005122.jpg,005122.txt
005124.jpg,005124.txt
005129.jpg,005129.txt
005130.jpg,005130.txt
005134.jpg,005134.txt
005138.jpg,005138.txt
005143.jpg,005143.txt
005153.jpg,005153.txt
005156.jpg,005156.txt
005168.jpg,005168.txt
005169.jpg,005169.txt
005171.jpg,005171.txt
005173.jpg,005173.txt
005177.jpg,005177.txt
005181.jpg,005181.txt
005183.jpg,005183.txt
005186.jpg,005186.txt
005189.jpg,005189.txt
005190.jpg,005190.txt
005191.jpg,005191.txt
005202.jpg,005202.txt
005203.jpg,005203.txt
005208.jpg,005208.txt
005215.jpg,005215.txt
005217.jpg,005217.txt
005219.jpg,005219.txt
005223.jpg,005223.txt
005231.jpg,005231.txt
005236.jpg,005236.txt
005244.jpg,005244.txt
005245.jpg,005245.txt
005246.jpg,005246.txt
005257.jpg,005257.txt
005258.jpg,005258.txt
005259.jpg,005259.txt
005260.jpg,005260.txt
005262.jpg,005262.txt
005269.jpg,005269.txt
005273.jpg,005273.txt
005283.jpg,005283.txt
005285.jpg,005285.txt
005288.jpg,005288.txt
005290.jpg,005290.txt
005292.jpg,005292.txt
005297.jpg,005297.txt
005303.jpg,005303.txt
005304.jpg,005304.txt
005307.jpg,005307.txt
005310.jpg,005310.txt
005311.jpg,005311.txt
005318.jpg,005318.txt
005327.jpg,005327.txt
005336.jpg,005336.txt
005337.jpg,005337.txt
005338.jpg,005338.txt
005344.jpg,005344.txt
005345.jpg,005345.txt
005351.jpg,005351.txt
005358.jpg,005358.txt
005360.jpg,005360.txt
005363.jpg,005363.txt
005368.jpg,005368.txt
005369.jpg,005369.txt
005373.jpg,005373.txt
005374.jpg,005374.txt
005387.jpg,005387.txt
005388.jpg,005388.txt
005389.jpg,005389.txt
005391.jpg,005391.txt
005396.jpg,005396.txt
005404.jpg,005404.txt
005405.jpg,005405.txt
005406.jpg,005406.txt
005408.jpg,005408.txt
005410.jpg,005410.txt
005413.jpg,005413.txt
005414.jpg,005414.txt
005417.jpg,005417.txt
005420.jpg,005420.txt
005424.jpg,005424.txt
005433.jpg,005433.txt
005440.jpg,005440.txt
005445.jpg,005445.txt
005448.jpg,005448.txt
005450.jpg,005450.txt
005451.jpg,005451.txt
005453.jpg,005453.txt
005455.jpg,005455.txt
005457.jpg,005457.txt
005467.jpg,005467.txt
005478.jpg,005478.txt
005483.jpg,005483.txt
005487.jpg,005487.txt
005489.jpg,005489.txt
005496.jpg,005496.txt
005499.jpg,005499.txt
005508.jpg,005508.txt
005509.jpg,005509.txt
005511.jpg,005511.txt
005514.jpg,005514.txt
005515.jpg,005515.txt
005519.jpg,005519.txt
005524.jpg,005524.txt
005526.jpg,005526.txt
005527.jpg,005527.txt
005536.jpg,005536.txt
005541.jpg,005541.txt
005542.jpg,005542.txt
005544.jpg,005544.txt
005547.jpg,005547.txt
005563.jpg,005563.txt
005566.jpg,005566.txt
005568.jpg,005568.txt
005574.jpg,005574.txt
005579.jpg,005579.txt
005582.jpg,005582.txt
005585.jpg,005585.txt
005591.jpg,005591.txt
005592.jpg,005592.txt
005599.jpg,005599.txt
005600.jpg,005600.txt
005601.jpg,005601.txt
005603.jpg,005603.txt
005605.jpg,005605.txt
005609.jpg,005609.txt
005611.jpg,005611.txt
005624.jpg,005624.txt
005625.jpg,005625.txt
005630.jpg,005630.txt
005631.jpg,005631.txt
005636.jpg,005636.txt
005637.jpg,005637.txt
005639.jpg,005639.txt
005644.jpg,005644.txt
005648.jpg,005648.txt
005654.jpg,005654.txt
005658.jpg,005658.txt
005668.jpg,005668.txt
005669.jpg,005669.txt
005680.jpg,005680.txt
005686.jpg,005686.txt
005695.jpg,005695.txt
005697.jpg,005697.txt
005699.jpg,005699.txt
005700.jpg,005700.txt
005704.jpg,005704.txt
005705.jpg,005705.txt
005710.jpg,005710.txt
005713.jpg,005713.txt
005715.jpg,005715.txt
005718.jpg,005718.txt
005728.jpg,005728.txt
005730.jpg,005730.txt
005731.jpg,005731.txt
005735.jpg,005735.txt
005738.jpg,005738.txt
005740.jpg,005740.txt
005742.jpg,005742.txt
005752.jpg,005752.txt
005756.jpg,005756.txt
005757.jpg,005757.txt
005764.jpg,005764.txt
005765.jpg,005765.txt
005769.jpg,005769.txt
005780.jpg,005780.txt
005782.jpg,005782.txt
005783.jpg,005783.txt
005784.jpg,005784.txt
005786.jpg,005786.txt
005789.jpg,005789.txt
005796.jpg,005796.txt
005803.jpg,005803.txt
005805.jpg,005805.txt
005806.jpg,005806.txt
005813.jpg,005813.txt
005814.jpg,005814.txt
005817.jpg,005817.txt
005821.jpg,005821.txt
005824.jpg,005824.txt
005826.jpg,005826.txt
005831.jpg,005831.txt
005836.jpg,005836.txt
005838.jpg,005838.txt
005840.jpg,005840.txt
005843.jpg,005843.txt
005850.jpg,005850.txt
005851.jpg,005851.txt
005859.jpg,005859.txt
005860.jpg,005860.txt
005861.jpg,005861.txt
005864.jpg,005864.txt
005867.jpg,005867.txt
005873.jpg,005873.txt
005881.jpg,005881.txt
005884.jpg,005884.txt
005885.jpg,005885.txt
005888.jpg,005888.txt
005889.jpg,005889.txt
005893.jpg,005893.txt
005895.jpg,005895.txt
005899.jpg,005899.txt
005901.jpg,005901.txt
005903.jpg,005903.txt
005905.jpg,005905.txt
005908.jpg,005908.txt
005909.jpg,005909.txt
005910.jpg,005910.txt
005911.jpg,005911.txt
005918.jpg,005918.txt
005920.jpg,005920.txt
005923.jpg,005923.txt
005930.jpg,005930.txt
005938.jpg,005938.txt
005947.jpg,005947.txt
005948.jpg,005948.txt
005951.jpg,005951.txt
005960.jpg,005960.txt
005961.jpg,005961.txt
005964.jpg,005964.txt
005971.jpg,005971.txt
005980.jpg,005980.txt
005983.jpg,005983.txt
005984.jpg,005984.txt
005990.jpg,005990.txt
005992.jpg,005992.txt
006004.jpg,006004.txt
006009.jpg,006009.txt
006011.jpg,006011.txt
006020.jpg,006020.txt
006023.jpg,006023.txt
006025.jpg,006025.txt
006030.jpg,006030.txt
006033.jpg,006033.txt
006038.jpg,006038.txt
006043.jpg,006043.txt
006061.jpg,006061.txt
006065.jpg,006065.txt
006066.jpg,006066.txt
006067.jpg,006067.txt
006070.jpg,006070.txt
006073.jpg,006073.txt
006074.jpg,006074.txt
006078.jpg,006078.txt
006079.jpg,006079.txt
006088.jpg,006088.txt
006091.jpg,006091.txt
006095.jpg,006095.txt
006096.jpg,006096.txt
006100.jpg,006100.txt
006103.jpg,006103.txt
006104.jpg,006104.txt
006105.jpg,006105.txt
006123.jpg,006123.txt
006128.jpg,006128.txt
006130.jpg,006130.txt
006131.jpg,006131.txt
006134.jpg,006134.txt
006135.jpg,006135.txt
006140.jpg,006140.txt
006141.jpg,006141.txt
006156.jpg,006156.txt
006158.jpg,006158.txt
006162.jpg,006162.txt
006166.jpg,006166.txt
006170.jpg,006170.txt
006171.jpg,006171.txt
006172.jpg,006172.txt
006174.jpg,006174.txt
006175.jpg,006175.txt
006176.jpg,006176.txt
006177.jpg,006177.txt
006179.jpg,006179.txt
006180.jpg,006180.txt
006181.jpg,006181.txt
006183.jpg,006183.txt
006187.jpg,006187.txt
006189.jpg,006189.txt
006196.jpg,006196.txt
006208.jpg,006208.txt
006210.jpg,006210.txt
006221.jpg,006221.txt
006223.jpg,006223.txt
006224.jpg,006224.txt
006225.jpg,006225.txt
006229.jpg,006229.txt
006230.jpg,006230.txt
006236.jpg,006236.txt
006238.jpg,006238.txt
006243.jpg,006243.txt
006247.jpg,006247.txt
006250.jpg,006250.txt
006251.jpg,006251.txt
006261.jpg,006261.txt
006262.jpg,006262.txt
006264.jpg,006264.txt
006267.jpg,006267.txt
006270.jpg,006270.txt
006272.jpg,006272.txt
006275.jpg,006275.txt
006279.jpg,006279.txt
006285.jpg,006285.txt
006289.jpg,006289.txt
006290.jpg,006290.txt
006291.jpg,006291.txt
006299.jpg,006299.txt
006304.jpg,006304.txt
006305.jpg,006305.txt
006320.jpg,006320.txt
006329.jpg,006329.txt
006341.jpg,006341.txt
006344.jpg,006344.txt
006349.jpg,006349.txt
006352.jpg,006352.txt
006353.jpg,006353.txt
006362.jpg,006362.txt
006363.jpg,006363.txt
006366.jpg,006366.txt
006367.jpg,006367.txt
006369.jpg,006369.txt
006371.jpg,006371.txt
006374.jpg,006374.txt
006375.jpg,006375.txt
006381.jpg,006381.txt
006382.jpg,006382.txt
006395.jpg,006395.txt
006400.jpg,006400.txt
006411.jpg,006411.txt
006417.jpg,006417.txt
006418.jpg,006418.txt
006419.jpg,006419.txt
006427.jpg,006427.txt
006429.jpg,006429.txt
006433.jpg,006433.txt
006434.jpg,006434.txt
006436.jpg,006436.txt
006438.jpg,006438.txt
006442.jpg,006442.txt
006447.jpg,006447.txt
006448.jpg,006448.txt
006455.jpg,006455.txt
006458.jpg,006458.txt
006459.jpg,006459.txt
006462.jpg,006462.txt
006466.jpg,006466.txt
006470.jpg,006470.txt
006472.jpg,006472.txt
006474.jpg,006474.txt
006475.jpg,006475.txt
006476.jpg,006476.txt
006482.jpg,006482.txt
006483.jpg,006483.txt
006486.jpg,006486.txt
006495.jpg,006495.txt
006499.jpg,006499.txt
006501.jpg,006501.txt
006503.jpg,006503.txt
006506.jpg,006506.txt
006515.jpg,006515.txt
006523.jpg,006523.txt
006524.jpg,006524.txt
006536.jpg,006536.txt
006547.jpg,006547.txt
006548.jpg,006548.txt
006549.jpg,006549.txt
006550.jpg,006550.txt
006551.jpg,006551.txt
006556.jpg,006556.txt
006560.jpg,006560.txt
006564.jpg,006564.txt
006569.jpg,006569.txt
006595.jpg,006595.txt
006597.jpg,006597.txt
006602.jpg,006602.txt
006605.jpg,006605.txt
006609.jpg,006609.txt
006610.jpg,006610.txt
006612.jpg,006612.txt
006622.jpg,006622.txt
006626.jpg,006626.txt
006627.jpg,006627.txt
006635.jpg,006635.txt
006636.jpg,006636.txt
006637.jpg,006637.txt
006638.jpg,006638.txt
006648.jpg,006648.txt
006652.jpg,006652.txt
006654.jpg,006654.txt
006658.jpg,006658.txt
006660.jpg,006660.txt
006674.jpg,006674.txt
006684.jpg,006684.txt
006689.jpg,006689.txt
006694.jpg,006694.txt
006695.jpg,006695.txt
006697.jpg,006697.txt
006698.jpg,006698.txt
006703.jpg,006703.txt
006704.jpg,006704.txt
006706.jpg,006706.txt
006707.jpg,006707.txt
006708.jpg,006708.txt
006714.jpg,006714.txt
006726.jpg,006726.txt
006727.jpg,006727.txt
006731.jpg,006731.txt
006734.jpg,006734.txt
006735.jpg,006735.txt
006736.jpg,006736.txt
006738.jpg,006738.txt
006740.jpg,006740.txt
006748.jpg,006748.txt
006753.jpg,006753.txt
006755.jpg,006755.txt
006766.jpg,006766.txt
006773.jpg,006773.txt
006777.jpg,006777.txt
006781.jpg,006781.txt
006782.jpg,006782.txt
006784.jpg,006784.txt
006794.jpg,006794.txt
006805.jpg,006805.txt
006806.jpg,006806.txt
006810.jpg,006810.txt
006822.jpg,006822.txt
006824.jpg,006824.txt
006825.jpg,006825.txt
006833.jpg,006833.txt
006836.jpg,006836.txt
006839.jpg,006839.txt
006840.jpg,006840.txt
006844.jpg,006844.txt
006845.jpg,006845.txt
006847.jpg,006847.txt
006848.jpg,006848.txt
006849.jpg,006849.txt
006852.jpg,006852.txt
006858.jpg,006858.txt
006864.jpg,006864.txt
006866.jpg,006866.txt
006868.jpg,006868.txt
006869.jpg,006869.txt
006874.jpg,006874.txt
006883.jpg,006883.txt
006887.jpg,006887.txt
006893.jpg,006893.txt
006896.jpg,006896.txt
006899.jpg,006899.txt
006900.jpg,006900.txt
006909.jpg,006909.txt
006910.jpg,006910.txt
006911.jpg,006911.txt
006912.jpg,006912.txt
006914.jpg,006914.txt
006916.jpg,006916.txt
006917.jpg,006917.txt
006919.jpg,006919.txt
006930.jpg,006930.txt
006931.jpg,006931.txt
006939.jpg,006939.txt
006943.jpg,006943.txt
006947.jpg,006947.txt
006948.jpg,006948.txt
006950.jpg,006950.txt
006958.jpg,006958.txt
006959.jpg,006959.txt
006968.jpg,006968.txt
006971.jpg,006971.txt
006976.jpg,006976.txt
006983.jpg,006983.txt
007002.jpg,007002.txt
007003.jpg,007003.txt
007006.jpg,007006.txt
007007.jpg,007007.txt
007011.jpg,007011.txt
007016.jpg,007016.txt
007018.jpg,007018.txt
007023.jpg,007023.txt
007025.jpg,007025.txt
007029.jpg,007029.txt
007033.jpg,007033.txt
007036.jpg,007036.txt
007039.jpg,007039.txt
007040.jpg,007040.txt
007045.jpg,007045.txt
007050.jpg,007050.txt
007062.jpg,007062.txt
007064.jpg,007064.txt
007072.jpg,007072.txt
007073.jpg,007073.txt
007075.jpg,007075.txt
007078.jpg,007078.txt
007079.jpg,007079.txt
007080.jpg,007080.txt
007088.jpg,007088.txt
007089.jpg,007089.txt
007090.jpg,007090.txt
007092.jpg,007092.txt
007093.jpg,007093.txt
007095.jpg,007095.txt
007105.jpg,007105.txt
007108.jpg,007108.txt
007113.jpg,007113.txt
007121.jpg,007121.txt
007125.jpg,007125.txt
007128.jpg,007128.txt
007129.jpg,007129.txt
007130.jpg,007130.txt
007133.jpg,007133.txt
007138.jpg,007138.txt
007150.jpg,007150.txt
007152.jpg,007152.txt
007154.jpg,007154.txt
007159.jpg,007159.txt
007163.jpg,007163.txt
007166.jpg,007166.txt
007168.jpg,007168.txt
007177.jpg,007177.txt
007180.jpg,007180.txt
007182.jpg,007182.txt
007184.jpg,007184.txt
007185.jpg,007185.txt
007193.jpg,007193.txt
007194.jpg,007194.txt
007197.jpg,007197.txt
007205.jpg,007205.txt
007213.jpg,007213.txt
007214.jpg,007214.txt
007219.jpg,007219.txt
007222.jpg,007222.txt
007223.jpg,007223.txt
007234.jpg,007234.txt
007241.jpg,007241.txt
007243.jpg,007243.txt
007250.jpg,007250.txt
007256.jpg,007256.txt
007261.jpg,007261.txt
007263.jpg,007263.txt
007271.jpg,007271.txt
007279.jpg,007279.txt
007285.jpg,007285.txt
007289.jpg,007289.txt
007295.jpg,007295.txt
007298.jpg,007298.txt
007305.jpg,007305.txt
007308.jpg,007308.txt
007322.jpg,007322.txt
007323.jpg,007323.txt
007325.jpg,007325.txt
007327.jpg,007327.txt
007334.jpg,007334.txt
007336.jpg,007336.txt
007351.jpg,007351.txt
007361.jpg,007361.txt
007365.jpg,007365.txt
007369.jpg,007369.txt
007370.jpg,007370.txt
007373.jpg,007373.txt
007375.jpg,007375.txt
007381.jpg,007381.txt
007385.jpg,007385.txt
007389.jpg,007389.txt
007394.jpg,007394.txt
007396.jpg,007396.txt
007398.jpg,007398.txt
007410.jpg,007410.txt
007411.jpg,007411.txt
007413.jpg,007413.txt
007417.jpg,007417.txt
007419.jpg,007419.txt
007421.jpg,007421.txt
007425.jpg,007425.txt
007431.jpg,007431.txt
007437.jpg,007437.txt
007446.jpg,007446.txt
007454.jpg,007454.txt
007458.jpg,007458.txt
007466.jpg,007466.txt
007467.jpg,007467.txt
007468.jpg,007468.txt
007474.jpg,007474.txt
007477.jpg,007477.txt
007479.jpg,007479.txt
007481.jpg,007481.txt
007483.jpg,007483.txt
007490.jpg,007490.txt
007491.jpg,007491.txt
007493.jpg,007493.txt
007497.jpg,007497.txt
007503.jpg,007503.txt
007513.jpg,007513.txt
007519.jpg,007519.txt
007521.jpg,007521.txt
007524.jpg,007524.txt
007526.jpg,007526.txt
007530.jpg,007530.txt
007535.jpg,007535.txt
007536.jpg,007536.txt
007538.jpg,007538.txt
007540.jpg,007540.txt
007544.jpg,007544.txt
007558.jpg,007558.txt
007565.jpg,007565.txt
007566.jpg,007566.txt
007570.jpg,007570.txt
007572.jpg,007572.txt
007575.jpg,007575.txt
007578.jpg,007578.txt
007586.jpg,007586.txt
007590.jpg,007590.txt
007594.jpg,007594.txt
007600.jpg,007600.txt
007601.jpg,007601.txt
007606.jpg,007606.txt
007611.jpg,007611.txt
007619.jpg,007619.txt
007621.jpg,007621.txt
007629.jpg,007629.txt
007631.jpg,007631.txt
007633.jpg,007633.txt
007637.jpg,007637.txt
007653.jpg,007653.txt
007654.jpg,007654.txt
007655.jpg,007655.txt
007663.jpg,007663.txt
007667.jpg,007667.txt
007683.jpg,007683.txt
007685.jpg,007685.txt
007692.jpg,007692.txt
007696.jpg,007696.txt
007697.jpg,007697.txt
007699.jpg,007699.txt
007704.jpg,007704.txt
007713.jpg,007713.txt
007718.jpg,007718.txt
007721.jpg,007721.txt
007729.jpg,007729.txt
007731.jpg,007731.txt
007735.jpg,007735.txt
007736.jpg,007736.txt
007740.jpg,007740.txt
007748.jpg,007748.txt
007749.jpg,007749.txt
007751.jpg,007751.txt
007753.jpg,007753.txt
007762.jpg,007762.txt
007767.jpg,007767.txt
007775.jpg,007775.txt
007777.jpg,007777.txt
007781.jpg,007781.txt
007790.jpg,007790.txt
007791.jpg,007791.txt
007795.jpg,007795.txt
007803.jpg,007803.txt
007809.jpg,007809.txt
007810.jpg,007810.txt
007814.jpg,007814.txt
007819.jpg,007819.txt
007820.jpg,007820.txt
007821.jpg,007821.txt
007831.jpg,007831.txt
007836.jpg,007836.txt
007838.jpg,007838.txt
007840.jpg,007840.txt
007847.jpg,007847.txt
007853.jpg,007853.txt
007854.jpg,007854.txt
007859.jpg,007859.txt
007863.jpg,007863.txt
007864.jpg,007864.txt
007872.jpg,007872.txt
007876.jpg,007876.txt
007877.jpg,007877.txt
007878.jpg,007878.txt
007883.jpg,007883.txt
007884.jpg,007884.txt
007885.jpg,007885.txt
007898.jpg,007898.txt
007900.jpg,007900.txt
007901.jpg,007901.txt
007905.jpg,007905.txt
007908.jpg,007908.txt
007910.jpg,007910.txt
007911.jpg,007911.txt
007914.jpg,007914.txt
007915.jpg,007915.txt
007923.jpg,007923.txt
007925.jpg,007925.txt
007926.jpg,007926.txt
007932.jpg,007932.txt
007939.jpg,007939.txt
007940.jpg,007940.txt
007953.jpg,007953.txt
007959.jpg,007959.txt
007963.jpg,007963.txt
007964.jpg,007964.txt
007968.jpg,007968.txt
007974.jpg,007974.txt
007976.jpg,007976.txt
007980.jpg,007980.txt
007991.jpg,007991.txt
007996.jpg,007996.txt
008001.jpg,008001.txt
008004.jpg,008004.txt
008005.jpg,008005.txt
008008.jpg,008008.txt
008012.jpg,008012.txt
008017.jpg,008017.txt
008019.jpg,008019.txt
008026.jpg,008026.txt
008037.jpg,008037.txt
008040.jpg,008040.txt
008042.jpg,008042.txt
008043.jpg,008043.txt
008044.jpg,008044.txt
008049.jpg,008049.txt
008051.jpg,008051.txt
008053.jpg,008053.txt
008062.jpg,008062.txt
008063.jpg,008063.txt
008064.jpg,008064.txt
008067.jpg,008067.txt
008072.jpg,008072.txt
008075.jpg,008075.txt
008076.jpg,008076.txt
008079.jpg,008079.txt
008082.jpg,008082.txt
008083.jpg,008083.txt
008084.jpg,008084.txt
008093.jpg,008093.txt
008095.jpg,008095.txt
008096.jpg,008096.txt
008098.jpg,008098.txt
008106.jpg,008106.txt
008108.jpg,008108.txt
008116.jpg,008116.txt
008117.jpg,008117.txt
008121.jpg,008121.txt
008127.jpg,008127.txt
008130.jpg,008130.txt
008137.jpg,008137.txt
008139.jpg,008139.txt
008142.jpg,008142.txt
008150.jpg,008150.txt
008163.jpg,008163.txt
008164.jpg,008164.txt
008166.jpg,008166.txt
008169.jpg,008169.txt
008174.jpg,008174.txt
008186.jpg,008186.txt
008188.jpg,008188.txt
008197.jpg,008197.txt
008199.jpg,008199.txt
008202.jpg,008202.txt
008203.jpg,008203.txt
008204.jpg,008204.txt
008211.jpg,008211.txt
008213.jpg,008213.txt
008216.jpg,008216.txt
008218.jpg,008218.txt
008223.jpg,008223.txt
008226.jpg,008226.txt
008232.jpg,008232.txt
008235.jpg,008235.txt
008248.jpg,008248.txt
008250.jpg,008250.txt
008252.jpg,008252.txt
008253.jpg,008253.txt
008254.jpg,008254.txt
008260.jpg,008260.txt
008261.jpg,008261.txt
008262.jpg,008262.txt
008263.jpg,008263.txt
008269.jpg,008269.txt
008272.jpg,008272.txt
008280.jpg,008280.txt
008282.jpg,008282.txt
008296.jpg,008296.txt
008301.jpg,008301.txt
008302.jpg,008302.txt
008310.jpg,008310.txt
008311.jpg,008311.txt
008312.jpg,008312.txt
008313.jpg,008313.txt
008315.jpg,008315.txt
008316.jpg,008316.txt
008317.jpg,008317.txt
008322.jpg,008322.txt
008332.jpg,008332.txt
008336.jpg,008336.txt
008338.jpg,008338.txt
008341.jpg,008341.txt
008342.jpg,008342.txt
008346.jpg,008346.txt
008351.jpg,008351.txt
008360.jpg,008360.txt
008372.jpg,008372.txt
008374.jpg,008374.txt
008381.jpg,008381.txt
008384.jpg,008384.txt
008385.jpg,008385.txt
008388.jpg,008388.txt
008391.jpg,008391.txt
008397.jpg,008397.txt
008398.jpg,008398.txt
008403.jpg,008403.txt
008409.jpg,008409.txt
008422.jpg,008422.txt
008425.jpg,008425.txt
008426.jpg,008426.txt
008427.jpg,008427.txt
008437.jpg,008437.txt
008442.jpg,008442.txt
008443.jpg,008443.txt
008445.jpg,008445.txt
008449.jpg,008449.txt
008452.jpg,008452.txt
008453.jpg,008453.txt
008456.jpg,008456.txt
008462.jpg,008462.txt
008465.jpg,008465.txt
008466.jpg,008466.txt
008467.jpg,008467.txt
008468.jpg,008468.txt
008470.jpg,008470.txt
008475.jpg,008475.txt
008477.jpg,008477.txt
008478.jpg,008478.txt
008482.jpg,008482.txt
008483.jpg,008483.txt
008495.jpg,008495.txt
008506.jpg,008506.txt
008517.jpg,008517.txt
008523.jpg,008523.txt
008529.jpg,008529.txt
008530.jpg,008530.txt
008533.jpg,008533.txt
008536.jpg,008536.txt
008549.jpg,008549.txt
008550.jpg,008550.txt
008558.jpg,008558.txt
008559.jpg,008559.txt
008568.jpg,008568.txt
008581.jpg,008581.txt
008585.jpg,008585.txt
008587.jpg,008587.txt
008588.jpg,008588.txt
008595.jpg,008595.txt
008596.jpg,008596.txt
008602.jpg,008602.txt
008610.jpg,008610.txt
008615.jpg,008615.txt
008617.jpg,008617.txt
008618.jpg,008618.txt
008628.jpg,008628.txt
008633.jpg,008633.txt
008645.jpg,008645.txt
008655.jpg,008655.txt
008663.jpg,008663.txt
008665.jpg,008665.txt
008670.jpg,008670.txt
008676.jpg,008676.txt
008688.jpg,008688.txt
008690.jpg,008690.txt
008691.jpg,008691.txt
008699.jpg,008699.txt
008702.jpg,008702.txt
008706.jpg,008706.txt
008710.jpg,008710.txt
008720.jpg,008720.txt
008723.jpg,008723.txt
008725.jpg,008725.txt
008727.jpg,008727.txt
008731.jpg,008731.txt
008732.jpg,008732.txt
008738.jpg,008738.txt
008741.jpg,008741.txt
008744.jpg,008744.txt
008748.jpg,008748.txt
008750.jpg,008750.txt
008755.jpg,008755.txt
008756.jpg,008756.txt
008757.jpg,008757.txt
008760.jpg,008760.txt
008764.jpg,008764.txt
008768.jpg,008768.txt
008770.jpg,008770.txt
008771.jpg,008771.txt
008776.jpg,008776.txt
008783.jpg,008783.txt
008784.jpg,008784.txt
008790.jpg,008790.txt
008794.jpg,008794.txt
008806.jpg,008806.txt
008809.jpg,008809.txt
008811.jpg,008811.txt
008813.jpg,008813.txt
008814.jpg,008814.txt
008815.jpg,008815.txt
008819.jpg,008819.txt
008838.jpg,008838.txt
008840.jpg,008840.txt
008841.jpg,008841.txt
008847.jpg,008847.txt
008856.jpg,008856.txt
008862.jpg,008862.txt
008865.jpg,008865.txt
008872.jpg,008872.txt
008878.jpg,008878.txt
008879.jpg,008879.txt
008883.jpg,008883.txt
008885.jpg,008885.txt
008886.jpg,008886.txt
008891.jpg,008891.txt
008900.jpg,008900.txt
008905.jpg,008905.txt
008909.jpg,008909.txt
008920.jpg,008920.txt
008923.jpg,008923.txt
008926.jpg,008926.txt
008929.jpg,008929.txt
008930.jpg,008930.txt
008932.jpg,008932.txt
008933.jpg,008933.txt
008936.jpg,008936.txt
008939.jpg,008939.txt
008944.jpg,008944.txt
008948.jpg,008948.txt
008958.jpg,008958.txt
008960.jpg,008960.txt
008961.jpg,008961.txt
008962.jpg,008962.txt
008966.jpg,008966.txt
008967.jpg,008967.txt
008968.jpg,008968.txt
008969.jpg,008969.txt
008970.jpg,008970.txt
008971.jpg,008971.txt
008973.jpg,008973.txt
008975.jpg,008975.txt
008978.jpg,008978.txt
008979.jpg,008979.txt
008980.jpg,008980.txt
008985.jpg,008985.txt
008987.jpg,008987.txt
008988.jpg,008988.txt
008989.jpg,008989.txt
008995.jpg,008995.txt
008999.jpg,008999.txt
009000.jpg,009000.txt
009004.jpg,009004.txt
009005.jpg,009005.txt
009016.jpg,009016.txt
009018.jpg,009018.txt
009020.jpg,009020.txt
009027.jpg,009027.txt
009029.jpg,009029.txt
009032.jpg,009032.txt
009036.jpg,009036.txt
009042.jpg,009042.txt
009045.jpg,009045.txt
009049.jpg,009049.txt
009058.jpg,009058.txt
009059.jpg,009059.txt
009063.jpg,009063.txt
009066.jpg,009066.txt
009068.jpg,009068.txt
009073.jpg,009073.txt
009078.jpg,009078.txt
009080.jpg,009080.txt
009086.jpg,009086.txt
009098.jpg,009098.txt
009099.jpg,009099.txt
009100.jpg,009100.txt
009106.jpg,009106.txt
009108.jpg,009108.txt
009114.jpg,009114.txt
009117.jpg,009117.txt
009121.jpg,009121.txt
009123.jpg,009123.txt
009136.jpg,009136.txt
009144.jpg,009144.txt
009148.jpg,009148.txt
009153.jpg,009153.txt
009160.jpg,009160.txt
009161.jpg,009161.txt
009166.jpg,009166.txt
009173.jpg,009173.txt
009175.jpg,009175.txt
009181.jpg,009181.txt
009184.jpg,009184.txt
009185.jpg,009185.txt
009191.jpg,009191.txt
009196.jpg,009196.txt
009197.jpg,009197.txt
009200.jpg,009200.txt
009205.jpg,009205.txt
009208.jpg,009208.txt
009209.jpg,009209.txt
009214.jpg,009214.txt
009215.jpg,009215.txt
009218.jpg,009218.txt
009227.jpg,009227.txt
009230.jpg,009230.txt
009238.jpg,009238.txt
009242.jpg,009242.txt
009245.jpg,009245.txt
009251.jpg,009251.txt
009252.jpg,009252.txt
009255.jpg,009255.txt
009259.jpg,009259.txt
009269.jpg,009269.txt
009270.jpg,009270.txt
009271.jpg,009271.txt
009272.jpg,009272.txt
009283.jpg,009283.txt
009285.jpg,009285.txt
009287.jpg,009287.txt
009288.jpg,009288.txt
009289.jpg,009289.txt
009290.jpg,009290.txt
009295.jpg,009295.txt
009296.jpg,009296.txt
009299.jpg,009299.txt
009306.jpg,009306.txt
009307.jpg,009307.txt
009308.jpg,009308.txt
009316.jpg,009316.txt
009318.jpg,009318.txt
009324.jpg,009324.txt
009325.jpg,009325.txt
009327.jpg,009327.txt
009333.jpg,009333.txt
009336.jpg,009336.txt
009339.jpg,009339.txt
009342.jpg,009342.txt
009343.jpg,009343.txt
009358.jpg,009358.txt
009359.jpg,009359.txt
009362.jpg,009362.txt
009365.jpg,009365.txt
009377.jpg,009377.txt
009386.jpg,009386.txt
009388.jpg,009388.txt
009389.jpg,009389.txt
009392.jpg,009392.txt
009393.jpg,009393.txt
009394.jpg,009394.txt
009398.jpg,009398.txt
009406.jpg,009406.txt
009407.jpg,009407.txt
009409.jpg,009409.txt
009410.jpg,009410.txt
009411.jpg,009411.txt
009413.jpg,009413.txt
009417.jpg,009417.txt
009418.jpg,009418.txt
009419.jpg,009419.txt
009420.jpg,009420.txt
009421.jpg,009421.txt
009422.jpg,009422.txt
009424.jpg,009424.txt
009429.jpg,009429.txt
009432.jpg,009432.txt
009434.jpg,009434.txt
009446.jpg,009446.txt
009458.jpg,009458.txt
009460.jpg,009460.txt
009463.jpg,009463.txt
009465.jpg,009465.txt
009466.jpg,009466.txt
009469.jpg,009469.txt
009476.jpg,009476.txt
009488.jpg,009488.txt
009490.jpg,009490.txt
009491.jpg,009491.txt
009496.jpg,009496.txt
009497.jpg,009497.txt
009499.jpg,009499.txt
009504.jpg,009504.txt
009508.jpg,009508.txt
009512.jpg,009512.txt
009515.jpg,009515.txt
009516.jpg,009516.txt
009518.jpg,009518.txt
009520.jpg,009520.txt
009523.jpg,009523.txt
009524.jpg,009524.txt
009526.jpg,009526.txt
009528.jpg,009528.txt
009537.jpg,009537.txt
009541.jpg,009541.txt
009542.jpg,009542.txt
009545.jpg,009545.txt
009549.jpg,009549.txt
009551.jpg,009551.txt
009557.jpg,009557.txt
009562.jpg,009562.txt
009566.jpg,009566.txt
009573.jpg,009573.txt
009576.jpg,009576.txt
009577.jpg,009577.txt
009579.jpg,009579.txt
009584.jpg,009584.txt
009585.jpg,009585.txt
009587.jpg,009587.txt
009596.jpg,009596.txt
009600.jpg,009600.txt
009605.jpg,009605.txt
009609.jpg,009609.txt
009613.jpg,009613.txt
009614.jpg,009614.txt
009615.jpg,009615.txt
009618.jpg,009618.txt
009621.jpg,009621.txt
009623.jpg,009623.txt
009629.jpg,009629.txt
009634.jpg,009634.txt
009637.jpg,009637.txt
009638.jpg,009638.txt
009644.jpg,009644.txt
009650.jpg,009650.txt
009654.jpg,009654.txt
009656.jpg,009656.txt
009659.jpg,009659.txt
009664.jpg,009664.txt
009666.jpg,009666.txt
009668.jpg,009668.txt
009671.jpg,009671.txt
009679.jpg,009679.txt
009684.jpg,009684.txt
009691.jpg,009691.txt
009693.jpg,009693.txt
009702.jpg,009702.txt
009703.jpg,009703.txt
009707.jpg,009707.txt
009709.jpg,009709.txt
009713.jpg,009713.txt
009717.jpg,009717.txt
009718.jpg,009718.txt
009721.jpg,009721.txt
009729.jpg,009729.txt
009733.jpg,009733.txt
009734.jpg,009734.txt
009735.jpg,009735.txt
009749.jpg,009749.txt
009755.jpg,009755.txt
009756.jpg,009756.txt
009762.jpg,009762.txt
009763.jpg,009763.txt
009774.jpg,009774.txt
009776.jpg,009776.txt
009789.jpg,009789.txt
009790.jpg,009790.txt
009792.jpg,009792.txt
009797.jpg,009797.txt
009800.jpg,009800.txt
009805.jpg,009805.txt
009807.jpg,009807.txt
009808.jpg,009808.txt
009810.jpg,009810.txt
009813.jpg,009813.txt
009825.jpg,009825.txt
009828.jpg,009828.txt
009830.jpg,009830.txt
009832.jpg,009832.txt
009834.jpg,009834.txt
009839.jpg,009839.txt
009842.jpg,009842.txt
009845.jpg,009845.txt
009848.jpg,009848.txt
009851.jpg,009851.txt
009852.jpg,009852.txt
009855.jpg,009855.txt
009859.jpg,009859.txt
009860.jpg,009860.txt
009867.jpg,009867.txt
009868.jpg,009868.txt
009869.jpg,009869.txt
009872.jpg,009872.txt
009874.jpg,009874.txt
009877.jpg,009877.txt
009878.jpg,009878.txt
009879.jpg,009879.txt
009882.jpg,009882.txt
009884.jpg,009884.txt
009887.jpg,009887.txt
009896.jpg,009896.txt
009904.jpg,009904.txt
009911.jpg,009911.txt
009918.jpg,009918.txt
009920.jpg,009920.txt
009926.jpg,009926.txt
009938.jpg,009938.txt
009940.jpg,009940.txt
009942.jpg,009942.txt
009944.jpg,009944.txt
009945.jpg,009945.txt
009949.jpg,009949.txt
009959.jpg,009959.txt
009961.jpg,009961.txt
